ID,Rob2 Joint 4.3,Rob1 Supply,Rob2 Joint 2.4,Sub-Part 1.3,Sub-Part 1.1,Rob2 Joint 4.1,Rob2 Joint 4.4,Rob1 Joint 2,Rob2 Joint 1.1,Rob2 Joint 1.2,Rob1 Max Vel,Rob2 Joint 2.2,Rob2 Vacuum,EoL,Rob2 Joint 2.3,Rob2 Joint 1.3,Sub-Part 1.2,Rob2 Joint 3.2,Sub-Part 2,Rob2 Max Vel,Rob2 Joint 1.4,Rob2 Joint 3.4,Rob1 Joint 1,Rob1 Joint 3,Sub-Part 3,Rob2 Supply,Rob2 Joint 2.1,Rob2 Joint 4.2,Rob1 Vacuum,Sub-Part 1.4,Rob2 Joint 3.3,Rob1 Joint 4,Rob2 Joint 3.1,Rob2 Joint 4.3,Rob1 Supply,Rob2 Joint 2.4,Sub-Part 1.3,Sub-Part 1.1,Rob2 Joint 4.1,Rob2 Joint 4.4,Rob1 Joint 2,Rob2 Joint 1.1,Rob2 Joint 1.2,Rob1 Max Vel,Rob2 Joint 2.2,Rob2 Vacuum,EoL,Rob2 Joint 2.3,Rob2 Joint 1.3,Sub-Part 1.2,Rob2 Joint 3.2,Sub-Part 2,Rob2 Max Vel,Rob2 Joint 1.4,Rob2 Joint 3.4,Rob1 Joint 1,Rob1 Joint 3,Sub-Part 3,Rob2 Supply,Rob2 Joint 2.1,Rob2 Joint 4.2,Rob1 Vacuum,Sub-Part 1.4,Rob2 Joint 3.3,Rob1 Joint 4,Rob2 Joint 3.1
2,0.0,99.763959812526,0.0,0.6171875,0.6328125,0.0,0.0,0.0,0.0,0.0,1.954627255729,0.0,0,0.7421875,0.0,0.0,0.6328125,0.0,0.7421875,1.9835399820208,0.0,0.0,0.0,0.0,0.7578125,99.661326173445,0.0,0.0,0,0.65625,0.0,0.0,0.0,0.0,99.763959812526,0.0,0.6171875,0.6328125,0.0,0.0,0.0,0.0,0.0,1.954627255729,0.0,0,0.7421875,0.0,0.0,0.6328125,0.0,0.7421875,1.9835399820208,0.0,0.0,0.0,0.0,0.7578125,99.661326173445,0.0,0.0,0,0.65625,0.0,0.0,0.0
2,1.2365825703433,99.748214969129,0.089023331220743,0.625,0.609375,1.9482161226947,1.5010763693559,2.4865044169204,2.1696705566705,-0.12889293561813,2.0145812076822,-0.69133434694539,0,0.7734375,-0.84853741040448,1.3931739715987,0.6328125,-2.9346687668738,0.7734375,2.0031415889511,1.2865082422079,-2.099952144629,-2.0341018739933,-0.5706053986658,0.78125,99.661326173445,0.512673766851,1.8131235244184,0,0.640625,-2.3395669531609,-0.16698322025693,-2.4187406395017,1.2365825703433,99.748214969129,0.089023331220743,0.625,0.609375,1.9482161226947,1.5010763693559,2.4865044169204,2.1696705566705,-0.12889293561813,2.0145812076822,-0.69133434694539,0,0.7734375,-0.84853741040448,1.3931739715987,0.6328125,-2.9346687668738,0.7734375,2.0031415889511,1.2865082422079,-2.099952144629,-2.0341018739933,-0.5706053986658,0.78125,99.661326173445,0.512673766851,1.8131235244184,0,0.640625,-2.3395669531609,-0.16698322025693,-2.4187406395017
2,3.8369191463541,99.748214969129,-2.2845906892202,0,0,4.3823513792267,4.6748926991464,6.1473946187959,7.0268589071288,1.296930839105,1.9779728570691,-3.5504882324234,0,0.625,-5.381699574003,4.0339217767041,0,-9.081712835439,0,2.0017164749154,3.4855699635243,-6.8519658748661,-4.7520517532289,2.533446130415,0,99.972000793363,-1.9253639180131,4.7608639558184,0,0,-7.3048745512088,-2.7145439853526,-6.5735229639434,3.8369191463541,99.748214969129,-2.2845906892202,0,0,4.3823513792267,4.6748926991464,6.1473946187959,7.0268589071288,1.296930839105,1.9779728570691,-3.5504882324234,0,0.625,-5.381699574003,4.0339217767041,0,-9.081712835439,0,2.0017164749154,3.4855699635243,-6.8519658748661,-4.7520517532289,2.533446130415,0,99.972000793363,-1.9253639180131,4.7608639558184,0,0,-7.3048745512088,-2.7145439853526,-6.5735229639434
2,2.9381719344231,99.748214969129,-5.0567817500015,0,0,2.1402175805348,3.8721802564249,6.0224603781291,7.9611810994481,2.4356376498067,1.9779728570691,-7.6652035318329,0,0.640625,-8.4537284021283,5.0237910295684,0,-9.3008827780936,0,2.0054146775566,4.7190451887829,-7.0922963613925,-4.122032994283,4.4366141637689,0,99.972000793363,-4.6008611903123,4.3916034609808,0,0,-6.2406525985255,-3.8882596019191,-6.2696419971529,2.9381719344231,99.748214969129,-5.0567817500015,0,0,2.1402175805348,3.8721802564249,6.0224603781291,7.9611810994481,2.4356376498067,1.9779728570691,-7.6652035318329,0,0.640625,-8.4537284021283,5.0237910295684,0,-9.3008827780936,0,2.0054146775566,4.7190451887829,-7.0922963613925,-4.122032994283,4.4366141637689,0,99.972000793363,-4.6008611903123,4.3916034609808,0,0,-6.2406525985255,-3.8882596019191,-6.2696419971529
2,1.6366357110073,99.748214969129,-7.5881106629614,0,0,0.083035209308787,2.5126621347197,4.9597116305436,7.8399555749954,3.4651444275461,1.9693076656338,-10.449439045031,0,0.21875,-9.6795008563798,5.6268189161232,0,-6.4835906673639,0,2.0017164749154,5.5574135876737,-5.7889267455864,-3.001884048097,5.9788642004954,0,99.972000793363,-6.9823734373489,3.5489268407098,0,0,-3.52840030529,-4.7963551472371,-4.6937254340694,1.6366357110073,99.748214969129,-7.5881106629614,0,0,0.083035209308787,2.5126621347197,4.9597116305436,7.8399555749954,3.4651444275461,1.9693076656338,-10.449439045031,0,0.21875,-9.6795008563798,5.6268189161232,0,-6.4835906673639,0,2.0017164749154,5.5574135876737,-5.7889267455864,-3.001884048097,5.9788642004954,0,99.972000793363,-6.9823734373489,3.5489268407098,0,0,-3.52840030529,-4.7963551472371,-4.6937254340694
2,0.35604791461964,99.748214969129,-8.9206292001965,0,0,-1.4239361498109,1.143506971151,3.3487626168715,7.3690893410015,4.3411145199148,1.9779728570691,-10.299629497877,0,0.2109375,-9.2522961790175,5.888717723681,0,-2.8350629423644,0,1.9954088662985,6.0130547612353,-3.4806135665729,-1.8025216639318,6.8892446539718,0,99.972000793363,-8.4506039062983,2.5280178003789,0,0,-0.92636175197274,-5.4032407674046,-2.3625797451971,0.35604791461964,99.748214969129,-8.9206292001965,0,0,-1.4239361498109,1.143506971151,3.3487626168715,7.3690893410015,4.3411145199148,1.9779728570691,-10.299629497877,0,0.2109375,-9.2522961790175,5.888717723681,0,-2.8350629423644,0,1.9954088662985,6.0130547612353,-3.4806135665729,-1.8025216639318,6.8892446539718,0,99.972000793363,-8.4506039062983,2.5280178003789,0,0,-0.92636175197274,-5.4032407674046,-2.3625797451971
2,-2.4295885536147,99.748214969129,-8.4604356097727,0,0,-1.7840172568346,-0.17796356097041,1.2855702909102,3.4212037936632,4.6452824004358,1.9776029483168,-8.3705881288022,0,0.2109375,-5.7514715607407,4.1118933224827,0,-0.063412015456407,0,1.9973982073478,5.8484556316276,-1.0034732392484,-0.49338570028274,5.6277771270675,0,99.972000793363,-4.2020746687693,1.3517165652204,0,0,3.7970835982817,-4.5122453645276,0.24521673260774,-2.4295885536147,99.748214969129,-8.4604356097727,0,0,-1.7840172568346,-0.17796356097041,1.2855702909102,3.4212037936632,4.6452824004358,1.9776029483168,-8.3705881288022,0,0.2109375,-5.7514715607407,4.1118933224827,0,-0.063412015456407,0,1.9973982073478,5.8484556316276,-1.0034732392484,-0.49338570028274,5.6277771270675,0,99.972000793363,-4.2020746687693,1.3517165652204,0,0,3.7970835982817,-4.5122453645276,0.24521673260774
2,0.0,99.748214969129,-4.5332076418501,0,0,-1.1471255681723,-2.5848332850885,-2.5583402231128,0.88483851224486,2.9815948036989,1.9776029483168,-4.2844598029015,0,0.2109375,0.0,0.0,0,4.0259107464618,0,2.0221831572501,3.3470073120107,3.695690211678,1.9568830964989,2.3147357942285,0,99.828508290776,-1.1808372507496,-1.9877480166802,0,0,0.0,-1.9483250662414,1.9221163252102,0.0,99.748214969129,-4.5332076418501,0,0,-1.1471255681723,-2.5848332850885,-2.5583402231128,0.88483851224486,2.9815948036989,1.9776029483168,-4.2844598029015,0,0.2109375,0.0,0.0,0,4.0259107464618,0,2.0221831572501,3.3470073120107,3.695690211678,1.9568830964989,2.3147357942285,0,99.828508290776,-1.1808372507496,-1.9877480166802,0,0,0.0,-1.9483250662414,1.9221163252102
2,1.6379705592934,99.635413755697,0.0,0,0,-3.6249103913713,0.0,0.0,3.1111365278478,0.0,2.011152090666,0.0,90.087845498405,0.21875,1.8568598154286,-1.4232489835603,0,0.0,0,2.0048889184754,0.0,0.0,0.0,0.0,0,99.674429172861,-4.1068139371756,0.0,89.238667128909,0,-1.7952265495132,0.0,5.4822696275405,1.6379705592934,99.635413755697,0.0,0,0,-3.6249103913713,0.0,0.0,3.1111365278478,0.0,2.011152090666,0.0,90.087845498405,0.21875,1.8568598154286,-1.4232489835603,0,0.0,0,2.0048889184754,0.0,0.0,0.0,0.0,0,99.674429172861,-4.1068139371756,0.0,89.238667128909,0,-1.7952265495132,0.0,5.4822696275405
2,4.0207337916995,99.635413755697,2.0317567002523,0,0,0.0,1.7850506996176,1.3314136599378,0.0,-1.567784226087,1.9776029483168,2.0165879046034,90.087845498405,0.2109375,4.0365994806802,-3.1797607436225,0,-1.9623744272334,0,1.9877902659967,-1.5555037717344,-2.0052026523193,-1.3765696904402,-1.3049082659852,0,99.674429172861,0.0,1.8235014376099,89.238667128909,0,-5.0965221904369,1.1378397221729,0.0,4.0207337916995,99.635413755697,2.0317567002523,0,0,0.0,1.7850506996176,1.3314136599378,0.0,-1.567784226087,1.9776029483168,2.0165879046034,90.087845498405,0.2109375,4.0365994806802,-3.1797607436225,0,-1.9623744272334,0,1.9877902659967,-1.5555037717344,-2.0052026523193,-1.3765696904402,-1.3049082659852,0,99.674429172861,0.0,1.8235014376099,89.238667128909,0,-5.0965221904369,1.1378397221729,0.0
2,1.2099998724604,99.635413755697,3.9533761469147,0,0,2.0022404752288,3.9612019202484,4.6272311696753,-1.7489628673579,-3.1120448895486,1.9779728570691,3.8923779851334,90.087845498405,0.2109375,3.4994254723783,-2.6772872588038,0,-4.9404800443677,0,1.9904275700201,-3.1189358474991,-5.0109998439952,-4.194797765136,-3.611254925728,0,99.674429172861,2.2429056356437,3.9797424542395,89.238667128909,0,-1.080098757528,3.214645130697,-2.372457210301,1.2099998724604,99.635413755697,3.9533761469147,0,0,2.0022404752288,3.9612019202484,4.6272311696753,-1.7489628673579,-3.1120448895486,1.9779728570691,3.8923779851334,90.087845498405,0.2109375,3.4994254723783,-2.6772872588038,0,-4.9404800443677,0,1.9904275700201,-3.1189358474991,-5.0109998439952,-4.194797765136,-3.611254925728,0,99.674429172861,2.2429056356437,3.9797424542395,89.238667128909,0,-1.080098757528,3.214645130697,-2.372457210301
2,-0.27465823699988,99.748214969129,3.7189180039367,0,0,3.819341482023,2.0852057241125,0.32977843026996,-2.9739661866475,-2.4768954388216,2.0145812076822,3.3596177639952,90.087845498405,0.2109375,8.3978676055038,-5.896083495965,0,-1.2997970075514,0,2.0157578973437,-3.1775079568145,-0.5197653818208,-0.52350712741062,-2.6911352824759,0,99.674429172861,3.6987949416306,0.85650905635829,90.00952576943,0,1.20308053847,2.3020588287565,-4.8175915237874,-0.27465823699988,99.748214969129,3.7189180039367,0,0,3.819341482023,2.0852057241125,0.32977843026996,-2.9739661866475,-2.4768954388216,2.0145812076822,3.3596177639952,90.087845498405,0.2109375,8.3978676055038,-5.896083495965,0,-1.2997970075514,0,2.0157578973437,-3.1775079568145,-0.5197653818208,-0.52350712741062,-2.6911352824759,0,99.674429172861,3.6987949416306,0.85650905635829,90.00952576943,0,1.20308053847,2.3020588287565,-4.8175915237874
2,-1.612730889147,99.748214969129,8.0936969317979,0,0,0.087367935492156,1.1294491987686,-2.1215402912745,-2.0059029482589,-5.67217058972,1.9693076656338,8.6171012372861,90.087845498405,0,8.6469135710262,-5.7912425087796,0,0.57346744741241,0,1.9877902659967,-7.003857983415,1.9488937551128,1.265457872734,-6.6565913563282,0,99.674429172861,3.0009516060613,-0.59839930872584,90.00952576943,0,3.5585497407979,5.4006889924964,-1.4123221615075,-1.612730889147,99.748214969129,8.0936969317979,0,0,0.087367935492156,1.1294491987686,-2.1215402912745,-2.0059029482589,-5.67217058972,1.9693076656338,8.6171012372861,90.087845498405,0,8.6469135710262,-5.7912425087796,0,0.57346744741241,0,1.9877902659967,-7.003857983415,1.9488937551128,1.265457872734,-6.6565913563282,0,99.674429172861,3.0009516060613,-0.59839930872584,90.00952576943,0,3.5585497407979,5.4006889924964,-1.4123221615075
2,-2.963596718318,99.748214969129,7.2227750718035,0,0,-1.8296345032741,-0.37396694101212,-3.8869138840462,-4.677572592603,-5.4403234621417,1.9776029483168,9.4218456353808,89.79666693363,0,7.4407868990607,-5.1909304534842,0,3.0367277640772,0,2.0031113589364,-7.4576745321005,4.1967816820083,2.5131066574008,-6.4778246845895,0,99.846794898388,8.4175432418594,-1.9121346917045,90.00952576943,0,5.7988426974614,5.1088670980916,0.18615774775308,-2.963596718318,99.748214969129,7.2227750718035,0,0,-1.8296345032741,-0.37396694101212,-3.8869138840462,-4.677572592603,-5.4403234621417,1.9776029483168,9.4218456353808,89.79666693363,0,7.4407868990607,-5.1909304534842,0,3.0367277640772,0,2.0031113589364,-7.4576745321005,4.1967816820083,2.5131066574008,-6.4778246845895,0,99.846794898388,8.4175432418594,-1.9121346917045,90.00952576943,0,5.7988426974614,5.1088670980916,0.18615774775308
2,-4.2022989728131,99.748214969129,5.2303095250942,0,0,-3.0316456530464,-2.2650544208513,-5.3207790628428,-4.0451559037937,-4.7331872275364,1.9779728570691,8.7072393764621,89.79666693363,0,5.0249911032107,-4.2428531100404,0,5.7758855233149,0,2.0407470169227,-7.4276794905871,5.8768276646357,3.6825583237694,-5.4074550315413,0,99.846794898388,10.032928431324,-3.1820159305001,90.00952576943,0,7.0883508715989,4.305195541278,2.929139206273,-4.2022989728131,99.748214969129,5.2303095250942,0,0,-3.0316456530464,-2.2650544208513,-5.3207790628428,-4.0451559037937,-4.7331872275364,1.9779728570691,8.7072393764621,89.79666693363,0,5.0249911032107,-4.2428531100404,0,5.7758855233149,0,2.0407470169227,-7.4276794905871,5.8768276646357,3.6825583237694,-5.4074550315413,0,99.846794898388,10.032928431324,-3.1820159305001,90.00952576943,0,7.0883508715989,4.305195541278,2.929139206273
2,-4.6119803030586,99.748214969129,2.731989976864,0,0,-4.0299804408018,-4.3271659382846,-6.1722412252402,-3.0159681370259,-3.7139664892895,1.9776029483168,6.0850461059352,89.79666693363,0,2.2889515144112,-2.9992431086869,0,7.377614591971,0,2.000723688837,-6.566150697279,6.5005955703551,4.6521265877001,-3.7900961788197,0,99.846794898388,10.198204811711,-4.1308811769454,90.00952576943,0,6.595090077733,3.2533967903125,6.6307738028599,-4.6119803030586,99.748214969129,2.731989976864,0,0,-4.0299804408018,-4.3271659382846,-6.1722412252402,-3.0159681370259,-3.7139664892895,1.9776029483168,6.0850461059352,89.79666693363,0,2.2889515144112,-2.9992431086869,0,7.377614591971,0,2.000723688837,-6.566150697279,6.5005955703551,4.6521265877001,-3.7900961788197,0,99.846794898388,10.198204811711,-4.1308811769454,90.00952576943,0,6.595090077733,3.2533967903125,6.6307738028599
2,-1.5462685950697,99.51526562705,0.14520426511595,0,0,-4.7855394711323,-1.697592999402,-4.91223270064,-1.8932613749386,-0.50986115691713,2.0141325351717,0.13126741527269,89.79666693363,0,-0.80458991897312,0.020234840332183,0,3.512990964397,0,2.0048889184754,-3.6241689486202,2.6450727339296,3.9617177927785,-1.695178967433,0,99.846794898388,7.4510924242217,-2.1679203294775,89.103426884807,0,1.9657081755296,1.9306192285622,9.5256814600716,-1.5462685950697,99.51526562705,0.14520426511595,0,0,-4.7855394711323,-1.697592999402,-4.91223270064,-1.8932613749386,-0.50986115691713,2.0141325351717,0.13126741527269,89.79666693363,0,-0.80458991897312,0.020234840332183,0,3.512990964397,0,2.0048889184754,-3.6241689486202,2.6450727339296,3.9617177927785,-1.695178967433,0,99.846794898388,7.4510924242217,-2.1679203294775,89.103426884807,0,1.9657081755296,1.9306192285622,9.5256814600716
2,-2.3508165502547,99.580829281145,-1.9232761272533,0,0,-4.8811234814243,-1.3782511740144,-1.4310637210727,-0.72587768524515,3.7128884043655,1.993946831622,-7.1470585613811,89.891552248974,0,-6.0482530545493,4.189768773166,0,3.3991432007673,0,2.0120220697171,2.6732079522517,0.95569637345824,1.256449865306,1.5526474611624,0,99.757341870709,3.42361393474,-2.4067951143667,89.103426884807,0,2.6596508550493,-1.0785925373316,9.0128271179503,-2.3508165502547,99.580829281145,-1.9232761272533,0,0,-4.8811234814243,-1.3782511740144,-1.4310637210727,-0.72587768524515,3.7128884043655,1.993946831622,-7.1470585613811,89.891552248974,0,-6.0482530545493,4.189768773166,0,3.3991432007673,0,2.0120220697171,2.6732079522517,0.95569637345824,1.256449865306,1.5526474611624,0,99.757341870709,3.42361393474,-2.4067951143667,89.103426884807,0,2.6596508550493,-1.0785925373316,9.0128271179503
2,-3.1447460066263,99.580829281145,-5.1993286292273,0,0,-1.6183561074646,-4.178910734911,-3.5581279266183,0.52944040644024,3.9320936854699,2.0143563001207,-6.4258230540165,89.891552248974,0,-5.7533047725044,4.3026387316176,0,4.0388941010775,0,1.9904275700201,6.8049473110343,3.210501970341,3.2683542700993,5.2457196617193,0,99.757341870709,-0.95586394830703,-3.0654153196049,89.103426884807,0,3.5579335279827,-4.3903062404127,2.628664969569,-3.1447460066263,99.580829281145,-5.1993286292273,0,0,-1.6183561074646,-4.178910734911,-3.5581279266183,0.52944040644024,3.9320936854699,2.0143563001207,-6.4258230540165,89.891552248974,0,-5.7533047725044,4.3026387316176,0,4.0388941010775,0,1.9904275700201,6.8049473110343,3.210501970341,3.2683542700993,5.2457196617193,0,99.757341870709,-0.95586394830703,-3.0654153196049,89.103426884807,0,3.5579335279827,-4.3903062404127,2.628664969569
2,0.0,99.580829281145,0.0,0,0,-2.2777033834021,0.0,0.0,3.3542654724413,0.0,1.9980316130341,0.0,0,0,0.0,0.0,0,0.0,0,1.992523619742,0.0,0.0,0.0,0.0,0,99.634210378265,-8.1859338246052,0.0,0,0,0.0,0.0,3.4240164648649,0.0,99.580829281145,0.0,0,0,-2.2777033834021,0.0,0.0,3.3542654724413,0.0,1.9980316130341,0.0,0,0,0.0,0.0,0,0.0,0,1.992523619742,0.0,0.0,0.0,0.0,0,99.634210378265,-8.1859338246052,0.0,0,0,0.0,0.0,3.4240164648649
2,1.4038441129979,99.580829281145,1.2709474717407,0,0,-3.496645015617,1.2596860179636,1.6216135691797,3.9783747629066,-1.6645128658341,1.993946831622,2.295915187306,0,0,2.0607943131967,-1.8030131475053,0,-1.6926608197659,0,2.0016015686132,-1.6822321019994,-1.0422623217434,-1.5138631282099,-2.033244503365,0,99.634210378265,-7.5687615057666,1.3630235783067,0,0,-1.554019355607,1.8934965005473,5.2370493160407,1.4038441129979,99.580829281145,1.2709474717407,0,0,-3.496645015617,1.2596860179636,1.6216135691797,3.9783747629066,-1.6645128658341,1.993946831622,2.295915187306,0,0,2.0607943131967,-1.8030131475053,0,-1.6926608197659,0,2.0016015686132,-1.6822321019994,-1.0422623217434,-1.5138631282099,-2.033244503365,0,99.634210378265,-7.5687615057666,1.3630235783067,0,0,-1.554019355607,1.8934965005473,5.2370493160407
2,3.4480541115809,0,4.9411295163648,0,0,0.0,4.4363890002428,0,0.0,-4.7968708989051,0,7.335833924049,0,0,6.3047541770853,-5.2645482493722,0,-4.4204973296181,0,1.9877902659967,-6.6311228110463,-3.4734895695296,0,0,0,99.634210378265,0.0,3.4785635363139,0,0,-3.7344968445211,0,0.0,3.4480541115809,0,4.9411295163648,0,0,0.0,4.4363890002428,0,0.0,-4.7968708989051,0,7.335833924049,0,0,6.3047541770853,-5.2645482493722,0,-4.4204973296181,0,1.9877902659967,-6.6311228110463,-3.4734895695296,0,0,0,99.634210378265,0.0,3.4785635363139,0,0,-3.7344968445211,0,0.0
2,0,0,0,0,0,1.6893349866757,0,0,-1.7456680316754,0,0,0,0,0,0,0,0,0,0,0,0,0,0,0,0,0,2.791256198531,0,0,0,0,0,-2.5669966723751,0,0,0,0,0,1.6893349866757,0,0,-1.7456680316754,0,0,0,0,0,0,0,0,0,0,0,0,0,0,0,0,0,2.791256198531,0,0,0,0,0,-2.5669966723751
2,0,0,0,0,0,3.5598340590721,0,0,-4.4433858293935,0,0,0,0,0,0,0,0,0,0,0,0,0,0,0,0,0,8.7072915751936,0,0,0,0,0,-5.2427853279724,0,0,0,0,0,3.5598340590721,0,0,-4.4433858293935,0,0,0,0,0,0,0,0,0,0,0,0,0,0,0,0,0,8.7072915751936,0,0,0,0,0,-5.2427853279724
1,0.0,99.61588899086,0.0,0.6171875,0.6328125,0.0,0.0,0.0,0.0,0.0,1.9756812594406,0.0,0,0.7734375,0.0,0.0,0.6328125,0.0,0.7734375,1.9622128850727,0.0,0.0,0.0,0.0,0.7734375,99.983193246093,0.0,0.0,0,0.6171875,0.0,0.0,0.0,0.0,99.61588899086,0.0,0.6171875,0.6328125,0.0,0.0,0.0,0.0,0.0,1.9756812594406,0.0,0,0.7734375,0.0,0.0,0.6328125,0.0,0.7734375,1.9622128850727,0.0,0.0,0.0,0.0,0.7734375,99.983193246093,0.0,0.0,0,0.6171875,0.0,0.0,0.0
1,1.2833475289782,99.945806145934,0.062449440374886,0.6328125,0.640625,-1.4015938951036,1.5445483856044,1.046325001428,4.4052325254156,-0.23693150380815,2.0172075147535,-0.74190972622191,0,0.7578125,-0.87997051197018,1.3619238159552,0.6328125,-3.0184127631011,0.7578125,1.995754765291,1.254140368493,-2.0965125638198,1.0287727398896,2.9405997115836,0.796875,99.619932830815,-2.6576969350982,1.8792554805455,0,0.6328125,-2.3162851813411,-4.086793656135,-1.4148630698482,1.2833475289782,99.945806145934,0.062449440374886,0.6328125,0.640625,-1.4015938951036,1.5445483856044,1.046325001428,4.4052325254156,-0.23693150380815,2.0172075147535,-0.74190972622191,0,0.7578125,-0.87997051197018,1.3619238159552,0.6328125,-3.0184127631011,0.7578125,1.995754765291,1.254140368493,-2.0965125638198,1.0287727398896,2.9405997115836,0.796875,99.619932830815,-2.6576969350982,1.8792554805455,0,0.6328125,-2.3162851813411,-4.086793656135,-1.4148630698482
1,3.9402986401849,99.595530195288,-2.3150312982071,0,0,-1.7405042764291,4.78738656838,1.7893485994215,9.1925333272541,1.1452512148078,2.0035956621226,-3.6494463787856,0,0.6328125,-5.3470439456726,4.0249684339197,0,-9.162171024392,0,2.0064341462846,3.4486542183056,-6.7747274281019,0.9342940903713,9.0902772332223,0,99.825099458018,-9.0838655112442,4.8671672947788,0,0,-7.1618766636974,-8.6855931417792,-2.5624511542969,3.9402986401849,99.595530195288,-2.3150312982071,0,0,-1.7405042764291,4.78738656838,1.7893485994215,9.1925333272541,1.1452512148078,2.0035956621226,-3.6494463787856,0,0.6328125,-5.3470439456726,4.0249684339197,0,-9.162171024392,0,2.0064341462846,3.4486542183056,-6.7747274281019,0.9342940903713,9.0902772332223,0,99.825099458018,-9.0838655112442,4.8671672947788,0,0,-7.1618766636974,-8.6855931417792,-2.5624511542969
1,3.0327344147435,99.595530195288,-4.9922324230358,0,0,-2.7678434426739,3.9879296237783,-0.6533014662433,8.1599120448483,2.3112233638411,2.0369564558634,-7.7261024833974,0,0.65625,-8.2628207863115,5.0512897250798,0,-9.2484065325038,0,2.0064341462846,4.7238238111108,-6.9599689891248,2.0699126661402,9.1956956648264,0,99.825099458018,-9.8501599235559,4.5162921056003,0,0,-6.0886562441873,-7.9388018597995,0.36001994480569,3.0327344147435,99.595530195288,-4.9922324230358,0,0,-2.7678434426739,3.9879296237783,-0.6533014662433,8.1599120448483,2.3112233638411,2.0369564558634,-7.7261024833974,0,0.65625,-8.2628207863115,5.0512897250798,0,-9.2484065325038,0,2.0064341462846,4.7238238111108,-6.9599689891248,2.0699126661402,9.1956956648264,0,99.825099458018,-9.8501599235559,4.5162921056003,0,0,-6.0886562441873,-7.9388018597995,0.36001994480569
1,1.709485423717,99.603059701779,-7.3960297294493,0,0,-4.4986312690368,2.6076021695492,-4.9421254287727,5.0986577927819,3.3788094415502,2.0035956621226,-10.359247806215,0,0.2109375,-9.4220889678457,5.6737445774598,0,-6.3406405444294,0,2.0023907692909,5.5969529289823,-5.667248414561,4.3080599414165,6.0067190712116,0,99.825099458018,-6.4630926641053,3.6868912651239,0,0,-3.4647145952574,-5.1121994952553,5.2385854658082,1.709485423717,99.603059701779,-7.3960297294493,0,0,-4.4986312690368,2.6076021695492,-4.9421254287727,5.0986577927819,3.3788094415502,2.0035956621226,-10.359247806215,0,0.2109375,-9.4220889678457,5.6737445774598,0,-6.3406405444294,0,2.0023907692909,5.5969529289823,-5.667248414561,4.3080599414165,6.0067190712116,0,99.825099458018,-6.4630926641053,3.6868912651239,0,0,-3.4647145952574,-5.1121994952553,5.2385854658082
1,0.41121175229608,99.863488648951,-8.6713701875486,0,0,0.0,1.2138954904606,0.0,0.0,4.2973895822724,2.0201895109876,-10.129531521539,0,0.21875,-9.0371896442425,5.9318712039688,0,-2.7233045162612,0,1.9987732222959,6.0634439272019,-3.4353139611313,0.0,0.0,0,99.825099458018,0.0,2.6658189753191,89.979377639812,0,-0.9358430052838,0.0,0.0,0.41121175229608,99.863488648951,-8.6713701875486,0,0,0.0,1.2138954904606,0.0,0.0,4.2973895822724,2.0201895109876,-10.129531521539,0,0.21875,-9.0371896442425,5.9318712039688,0,-2.7233045162612,0,1.9987732222959,6.0634439272019,-3.4353139611313,0.0,0.0,0,99.825099458018,0.0,2.6658189753191,89.979377639812,0,-0.9358430052838,0.0,0.0
1,-2.4333629134957,99.595530195288,-8.2503998869661,0,0,2.3050238406478,-0.12298371802184,2.5271093579413,-2.0029245143934,4.6335786508142,2.0035956621226,-8.2319813226946,0,0.2109375,-5.6322594336901,4.1239789273694,0,0.0038154873322379,0,2.017357856459,5.8827410936984,-1.0240126621376,-2.3138218289002,-2.2921787422531,0,99.997266181954,2.5681659806234,1.4774026934987,89.979377639812,0,3.7044462464279,1.9557548609033,-2.7668848536255,-2.4333629134957,99.595530195288,-8.2503998869661,0,0,2.3050238406478,-0.12298371802184,2.5271093579413,-2.0029245143934,4.6335786508142,2.0035956621226,-8.2319813226946,0,0.2109375,-5.6322594336901,4.1239789273694,0,0.0038154873322379,0,2.017357856459,5.8827410936984,-1.0240126621376,-2.3138218289002,-2.2921787422531,0,99.997266181954,2.5681659806234,1.4774026934987,89.979377639812,0,3.7044462464279,1.9557548609033,-2.7668848536255
1,0.0,99.595530195288,-4.4299824617522,0,0,3.6184859182091,-2.5908672934136,4.1450461489828,-2.7859034731662,2.9792901333374,2.0369564558634,-4.2056187660751,0,0.2109375,0.0,0.0,0,3.969515171778,0,2.0351978380431,3.3504465661282,3.6015972931983,-3.7548754505361,-3.1684936330418,0,99.997266181954,3.4533273974576,-1.9689393375935,89.979377639812,0,0.0,2.8134198991391,-4.5286905280623,0.0,99.595530195288,-4.4299824617522,0,0,3.6184859182091,-2.5908672934136,4.1450461489828,-2.7859034731662,2.9792901333374,2.0369564558634,-4.2056187660751,0,0.2109375,0.0,0.0,0,3.969515171778,0,2.0351978380431,3.3504465661282,3.6015972931983,-3.7548754505361,-3.1684936330418,0,99.997266181954,3.4533273974576,-1.9689393375935,89.979377639812,0,0.0,2.8134198991391,-4.5286905280623
1,1.5749337564615,99.868573942742,0.0,0,0,-0.12481585771649,0.0,0.026035785477552,-1.8501634327515,0.0,2.0172075147535,0.0,89.997266181954,0.2109375,1.7406179847929,-1.3621241543558,0,0.0,0,2.0157668893349,0.0,0.0,-0.27481209759628,-2.511353269573,0,99.997266181954,2.7967466947798,0.0,89.475650970209,0,-1.7657957543123,2.1131965515483,-1.0733055835735,1.5749337564615,99.868573942742,0.0,0,0,-0.12481585771649,0.0,0.026035785477552,-1.8501634327515,0.0,2.0172075147535,0.0,89.997266181954,0.2109375,1.7406179847929,-1.3621241543558,0,0.0,0,2.0157668893349,0.0,0.0,-0.27481209759628,-2.511353269573,0,99.997266181954,2.7967466947798,0.0,89.475650970209,0,-1.7657957543123,2.1131965515483,-1.0733055835735
1,3.9657162226808,99.868573942742,1.908715990149,0,0,-1.820138340943,1.7199616928922,-2.1608456238887,-4.6778447423965,-1.5055952773967,2.0369564558634,1.8975318853203,89.959105413066,0.21875,3.8933729805323,-3.1185421031993,0,-1.9303334397799,0,2.0003232367018,-1.4916805975819,-1.9708754348491,1.2948408620799,-6.7701783894797,0,99.602098968561,8.412072487034,1.7591135162941,89.475650970209,0,-5.0210021960651,5.389800300574,0.15867332810031,3.9657162226808,99.868573942742,1.908715990149,0,0,-1.820138340943,1.7199616928922,-2.1608456238887,-4.6778447423965,-1.5055952773967,2.0369564558634,1.8975318853203,89.959105413066,0.21875,3.8933729805323,-3.1185421031993,0,-1.9303334397799,0,2.0003232367018,-1.4916805975819,-1.9708754348491,1.2948408620799,-6.7701783894797,0,99.602098968561,8.412072487034,1.7591135162941,89.475650970209,0,-5.0210021960651,5.389800300574,0.15867332810031
1,1.1922696841772,99.595530195288,3.8129869902488,0,0,-3.0238740325752,3.9047120425109,-3.9990866910971,-4.0366438908424,-3.0544299823252,2.0035956621226,3.759347046606,89.959105413066,0.2109375,3.4272567156578,-2.6749222860749,0,-4.8726257269735,0,2.0139985351986,-3.0578345514594,-4.9391640307743,2.5577577303352,-6.6165823737523,0,99.602098968561,10.031536666001,3.9252107772186,89.475650970209,0,-1.0521932225852,5.0942272215817,2.8918719576187,1.1922696841772,99.595530195288,3.8129869902488,0,0,-3.0238740325752,3.9047120425109,-3.9990866910971,-4.0366438908424,-3.0544299823252,2.0035956621226,3.759347046606,89.959105413066,0.2109375,3.4272567156578,-2.6749222860749,0,-4.8726257269735,0,2.0139985351986,-3.0578345514594,-4.9391640307743,2.5577577303352,-6.6165823737523,0,99.602098968561,10.031536666001,3.9252107772186,89.475650970209,0,-1.0521932225852,5.0942272215817,2.8918719576187
1,-0.29799474459046,99.595530195288,3.6031064184767,0,0,-4.0239483916668,2.0317669444529,-5.4823469363978,-3.0026838555141,-2.4762832858521,2.0078977470187,3.3043276083434,89.473563358343,0.21875,8.2440640565169,-5.9451578229418,0,-1.2901523687866,0,2.010477597229,-3.1417007788454,-0.49479150328892,3.7304250411492,-5.4998841290962,0,99.665963901985,10.233584593518,0.83070787823892,89.475650970209,0,1.216884536767,4.2702965280915,6.5953990462114,-0.29799474459046,99.595530195288,3.6031064184767,0,0,-4.0239483916668,2.0317669444529,-5.4823469363978,-3.0026838555141,-2.4762832858521,2.0078977470187,3.3043276083434,89.473563358343,0.21875,8.2440640565169,-5.9451578229418,0,-1.2901523687866,0,2.010477597229,-3.1417007788454,-0.49479150328892,3.7304250411492,-5.4998841290962,0,99.665963901985,10.233584593518,0.83070787823892,89.475650970209,0,1.216884536767,4.2702965280915,6.5953990462114
1,-1.6526497134192,99.595530195288,7.9143818831146,0,0,-4.7828466988397,1.1038384698642,-6.336757979916,-1.8768194172453,-5.7292155766124,2.0369564558634,8.484662420128,89.473563358343,0,8.456869719331,-5.8526113232623,0,0.58661205210468,0,2.0188285691285,-7.0378028197902,1.9808267598411,4.695372468704,-3.8055049708752,0,99.665963901985,7.5219027716672,-0.61189930286211,89.475650970209,0,3.5190706823627,3.2025370826363,9.5246158044566,-1.6526497134192,99.595530195288,7.9143818831146,0,0,-4.7828466988397,1.1038384698642,-6.336757979916,-1.8768194172453,-5.7292155766124,2.0369564558634,8.484662420128,89.473563358343,0,8.456869719331,-5.8526113232623,0,0.58661205210468,0,2.0188285691285,-7.0378028197902,1.9808267598411,4.695372468704,-3.8055049708752,0,99.665963901985,7.5219027716672,-0.61189930286211,89.475650970209,0,3.5190706823627,3.2025370826363,9.5246158044566
1,-3.027948003815,99.595530195288,7.0489537351779,0,0,-4.8863484612819,-0.41177428892197,-4.7881117237663,-0.7065226583985,-5.5052566311453,2.0035956621226,9.2319415306319,89.959105413066,0,7.2821497533482,-5.2428426745871,0,2.9992794458367,0,2.0003232367018,-7.5236267009985,4.1781922175108,3.7926230524194,-1.6131801402028,0,99.602098968561,3.4825579851725,-1.9426346480628,89.475650970209,0,5.6947555542078,1.8523161422219,9.0403323460409,-3.027948003815,99.595530195288,7.0489537351779,0,0,-4.8863484612819,-0.41177428892197,-4.7881117237663,-0.7065226583985,-5.5052566311453,2.0035956621226,9.2319415306319,89.959105413066,0,7.2821497533482,-5.2428426745871,0,2.9992794458367,0,2.0003232367018,-7.5236267009985,4.1781922175108,3.7926230524194,-1.6131801402028,0,99.602098968561,3.4825579851725,-1.9426346480628,89.475650970209,0,5.6947555542078,1.8523161422219,9.0403323460409
1,-4.2873892932516,99.595530195288,5.1093682748276,0,0,-1.6211983930361,-2.3408423337955,-1.3435724301648,0.52811525450899,-4.7872330519541,2.0369564558634,8.5281354872688,89.959105413066,0,4.9605904560686,-4.2663929749715,0,5.6571160882125,0,2.0193256235228,-7.4985498075106,5.8157444482768,1.1631386235368,1.5984801740987,0,99.602098968561,-0.91729901800981,-3.2347358827338,89.475650970209,0,6.9712135036238,-1.090701463616,2.6373741605891,-4.2873892932516,99.595530195288,5.1093682748276,0,0,-1.6211983930361,-2.3408423337955,-1.3435724301648,0.52811525450899,-4.7872330519541,2.0369564558634,8.5281354872688,89.959105413066,0,4.9605904560686,-4.2663929749715,0,5.6571160882125,0,2.0193256235228,-7.4985498075106,5.8157444482768,1.1631386235368,1.5984801740987,0,99.602098968561,-0.91729901800981,-3.2347358827338,89.475650970209,0,6.9712135036238,-1.090701463616,2.6373741605891
1,-4.6963211391051,99.595530195288,2.6810134875388,0,0,-2.2729559793604,-4.4571564906991,-3.5852334871388,3.3383471961807,-3.7419405061237,2.0369564558634,6.0156297119782,89.959105413066,0,2.2992475396771,-2.9894821021266,0,7.2358415951322,0,2.0351978380431,-6.5948615552399,6.4414574758646,3.2522160427767,5.3042490984366,0,99.602098968561,-8.1916007978736,-4.199739136501,89.475650970209,0,6.5259556881949,-4.3598951131683,3.4247671906816,-4.6963211391051,99.595530195288,2.6810134875388,0,0,-2.2729559793604,-4.4571564906991,-3.5852334871388,3.3383471961807,-3.7419405061237,2.0369564558634,6.0156297119782,89.959105413066,0,2.2992475396771,-2.9894821021266,0,7.2358415951322,0,2.0351978380431,-6.5948615552399,6.4414574758646,3.2522160427767,5.3042490984366,0,99.602098968561,-8.1916007978736,-4.199739136501,89.475650970209,0,6.5259556881949,-4.3598951131683,3.4247671906816
1,-1.5727243599532,99.81502600044,0.12742427045994,0,0,-3.5243671104352,-1.773973887728,0.0,3.9958413422205,-0.50107554225538,1.9824233791943,0.1660301545885,89.959105413066,0,-0.77597053854826,0.04222528526606,0,3.4651478353316,0,1.9765000602657,-3.6326240901644,2.6480127739898,0.0,0.0,0,99.602098968561,-7.6188798873388,-2.2030531318129,0,0,1.9541814324519,0.0,5.2961625027688,-1.5727243599532,99.81502600044,0.12742427045994,0,0,-3.5243671104352,-1.773973887728,0.0,3.9958413422205,-0.50107554225538,1.9824233791943,0.1660301545885,89.959105413066,0,-0.77597053854826,0.04222528526606,0,3.4651478353316,0,1.9765000602657,-3.6326240901644,2.6480127739898,0.0,0.0,0,99.602098968561,-7.6188798873388,-2.2030531318129,0,0,1.9541814324519,0.0,5.2961625027688
1,-2.3754636776714,99.81502600044,-1.8828785578199,0,0,0.0,-1.4044482038063,1.6339099169203,0.0,3.7811370982863,1.9756683182089,-7.0054115532894,89.959105413066,0,-5.9531141695177,4.2576107765282,0,3.3621534444289,0,1.9696873785169,2.7321846705909,0.94424815543995,-1.5065704963443,-2.053919088217,0,99.602098968561,0.0,-2.4382029049486,0,0,2.6410633505861,1.8785078482347,0.0,-2.3754636776714,99.81502600044,-1.8828785578199,0,0,0.0,-1.4044482038063,1.6339099169203,0.0,3.7811370982863,1.9756683182089,-7.0054115532894,89.959105413066,0,-5.9531141695177,4.2576107765282,0,3.3621534444289,0,1.9696873785169,2.7321846705909,0.94424815543995,-1.5065704963443,-2.053919088217,0,99.602098968561,0.0,-2.4382029049486,0,0,2.6410633505861,1.8785078482347,0.0
1,-3.1677980490139,0,-5.1172727351897,0,0,1.705248131205,-4.2404343226455,0,-1.7522626723767,3.9804666197443,0,-6.3303856069245,89.959105413066,0,-5.6856025998409,4.3535044310046,0,3.9988327520289,0,1.9955834421631,6.9255625054856,3.1846173634447,0,0,0,99.602098968561,2.8029073294282,-3.0884934007066,0,0,3.535368246887,0,-2.6039945788465,-3.1677980490139,0,-5.1172727351897,0,0,1.705248131205,-4.2404343226455,0,-1.7522626723767,3.9804666197443,0,-6.3303856069245,89.959105413066,0,-5.6856025998409,4.3535044310046,0,3.9988327520289,0,1.9955834421631,6.9255625054856,3.1846173634447,0,0,0,99.602098968561,2.8029073294282,-3.0884934007066,0,0,3.535368246887,0,-2.6039945788465
1,0.0,0,0.0,0,0,3.5758964891195,0.0,0,-4.4455039407712,0.0,0,0.0,0,0,0.0,0.0,0,0.0,0,2.0193256235228,0.0,0.0,0,0,0,99.602098968561,8.7398479726366,0.0,0,0,0.0,0,-5.282613828693,0.0,0,0.0,0,0,3.5758964891195,0.0,0,-4.4455039407712,0.0,0,0.0,0,0,0.0,0.0,0,0.0,0,2.0193256235228,0.0,0.0,0,0,0,99.602098968561,8.7398479726366,0.0,0,0,0.0,0,-5.282613828693
1,1.4092180018408,0,1.2585033146839,0,0,0,1.2731848875316,0,0,-1.6772756335113,0,2.264249804606,0,0,2.0374027145645,-1.818019636544,0,-1.6713998801247,0,2.0188285691285,-1.7032473130661,-1.0380179599897,0,0,0,99.602098968561,0,1.3672845943953,0,0,-1.5402055149805,0,0,1.4092180018408,0,1.2585033146839,0,0,0,1.2731848875316,0,0,-1.6772756335113,0,2.264249804606,0,0,2.0374027145645,-1.818019636544,0,-1.6713998801247,0,2.0188285691285,-1.7032473130661,-1.0380179599897,0,0,0,99.602098968561,0,1.3672845943953,0,0,-1.5402055149805,0,0
1,3.4695334052698,0,4.8764698278607,0,0,0,4.4916246225948,0,0,-4.8546787312694,0,7.2158190229462,0,0,6.2180636018204,-5.325887425847,0,-4.3680414096772,0,2.0351319342658,-6.7316842082599,-3.4515897554679,0,0,0,99.602098968561,0,3.5031001668775,0,0,-3.7024058435555,0,0,3.4695334052698,0,4.8764698278607,0,0,0,4.4916246225948,0,0,-4.8546787312694,0,7.2158190229462,0,0,6.2180636018204,-5.325887425847,0,-4.3680414096772,0,2.0351319342658,-6.7316842082599,-3.4515897554679,0,0,0,99.602098968561,0,3.5031001668775,0,0,-3.7024058435555,0,0
